"","Sample","Population","rs117435514"
"1","NA06984","CEU","AA"
"2","NA06985","CEU",NA
"3","NA06986","CEU","AA"
"4","NA06989","CEU","AA"
"5","NA06994","CEU","AA"
"6","NA07000","CEU","AA"
"7","NA07037","CEU","AA"
"8","NA07048","CEU","AA"
"9","NA07051","CEU","AA"
"10","NA07056","CEU","AA"
"11","NA07347","CEU","AA"
"12","NA07357","CEU","AA"
"13","NA10847","CEU","AA"
"14","NA10851","CEU","AA"
"15","NA11829","CEU","AA"
"16","NA11830","CEU","AA"
"17","NA11831","CEU","AA"
"18","NA11832","CEU",NA
"19","NA11840","CEU",NA
"20","NA11843","CEU","AA"
"21","NA11881","CEU",NA
"22","NA11892","CEU","AA"
"23","NA11893","CEU","AA"
"24","NA11894","CEU","AA"
"25","NA11918","CEU",NA
"26","NA11919","CEU","AA"
"27","NA11920","CEU","AA"
"28","NA11930","CEU","AA"
"29","NA11931","CEU","AA"
"30","NA11932","CEU","AA"
"31","NA11933","CEU","AA"
"32","NA11992","CEU","AA"
"33","NA11994","CEU","AA"
"34","NA11995","CEU","AA"
"35","NA12003","CEU","AA"
"36","NA12004","CEU","AA"
"37","NA12005","CEU",NA
"38","NA12006","CEU","AA"
"39","NA12043","CEU","AA"
"40","NA12044","CEU","AA"
"41","NA12045","CEU","AA"
"42","NA12046","CEU","AA"
"43","NA12058","CEU","AA"
"44","NA12144","CEU","AA"
"45","NA12154","CEU","AA"
"46","NA12155","CEU","AA"
"47","NA12156","CEU",NA
"48","NA12234","CEU",NA
"49","NA12249","CEU","AA"
"50","NA12272","CEU","AA"
"51","NA12273","CEU","AA"
"52","NA12275","CEU","AA"
"53","NA12282","CEU","AA"
"54","NA12283","CEU","AA"
"55","NA12286","CEU","AA"
"56","NA12287","CEU","AA"
"57","NA12340","CEU","AA"
"58","NA12341","CEU","AA"
"59","NA12342","CEU","AA"
"60","NA12347","CEU","AA"
"61","NA12348","CEU","AA"
"62","NA12383","CEU","AA"
"63","NA12399","CEU","AA"
"64","NA12400","CEU","AA"
"65","NA12413","CEU","AA"
"66","NA12414","CEU",NA
"67","NA12489","CEU","AA"
"68","NA12546","CEU","AA"
"69","NA12716","CEU","AA"
"70","NA12717","CEU","AA"
"71","NA12718","CEU","AA"
"72","NA12748","CEU","AA"
"73","NA12749","CEU","AA"
"74","NA12750","CEU","AA"
"75","NA12751","CEU","AA"
"76","NA12760","CEU",NA
"77","NA12761","CEU","AA"
"78","NA12762","CEU",NA
"79","NA12763","CEU","AA"
"80","NA12775","CEU","AA"
"81","NA12776","CEU",NA
"82","NA12777","CEU","AA"
"83","NA12778","CEU","AA"
"84","NA12812","CEU","AA"
"85","NA12813","CEU",NA
"86","NA12814","CEU","AA"
"87","NA12815","CEU","AA"
"88","NA12827","CEU","AA"
"89","NA12828","CEU",NA
"90","NA12829","CEU","AA"
"91","NA12830","CEU","AA"
"92","NA12842","CEU","AA"
"93","NA12843","CEU","AA"
"94","NA12872","CEU","AA"
"95","NA12873","CEU","AA"
"96","NA12874","CEU","AA"
"97","NA12878","CEU",NA
"98","NA12889","CEU","AA"
"99","NA12890","CEU","AA"
"100","NA18525","CHB","AA"
"101","NA18526","CHB","AA"
"102","NA18528","CHB","AA"
"103","NA18530","CHB","AA"
"104","NA18531","CHB",NA
"105","NA18532","CHB","AA"
"106","NA18533","CHB",NA
"107","NA18534","CHB","AA"
"108","NA18535","CHB","AA"
"109","NA18536","CHB","AA"
"110","NA18537","CHB","AA"
"111","NA18538","CHB","AA"
"112","NA18539","CHB","AA"
"113","NA18541","CHB","AA"
"114","NA18542","CHB","AA"
"115","NA18543","CHB","AA"
"116","NA18544","CHB","AG"
"117","NA18545","CHB","AA"
"118","NA18546","CHB","AA"
"119","NA18547","CHB","AA"
"120","NA18548","CHB","AG"
"121","NA18549","CHB","AA"
"122","NA18550","CHB","AA"
"123","NA18552","CHB","AG"
"124","NA18553","CHB","AA"
"125","NA18555","CHB","AG"
"126","NA18557","CHB","AA"
"127","NA18558","CHB","AA"
"128","NA18559","CHB","AA"
"129","NA18560","CHB","AA"
"130","NA18561","CHB","AA"
"131","NA18562","CHB","AA"
"132","NA18563","CHB","AA"
"133","NA18564","CHB","AA"
"134","NA18565","CHB","AA"
"135","NA18566","CHB","AA"
"136","NA18567","CHB","AA"
"137","NA18570","CHB","AA"
"138","NA18571","CHB","AG"
"139","NA18572","CHB","AA"
"140","NA18573","CHB","AA"
"141","NA18574","CHB","AA"
"142","NA18577","CHB","AA"
"143","NA18579","CHB","AA"
"144","NA18582","CHB","AA"
"145","NA18591","CHB",NA
"146","NA18592","CHB","AG"
"147","NA18593","CHB","AA"
"148","NA18595","CHB","AA"
"149","NA18596","CHB","AA"
"150","NA18597","CHB","AA"
"151","NA18599","CHB","AA"
"152","NA18602","CHB","AG"
"153","NA18603","CHB","AG"
"154","NA18605","CHB","AG"
"155","NA18606","CHB","AA"
"156","NA18608","CHB","AA"
"157","NA18609","CHB","AA"
"158","NA18610","CHB","AA"
"159","NA18611","CHB","AA"
"160","NA18612","CHB","AG"
"161","NA18613","CHB","AA"
"162","NA18614","CHB","AG"
"163","NA18615","CHB","AG"
"164","NA18616","CHB","AG"
"165","NA18617","CHB","AA"
"166","NA18618","CHB","AG"
"167","NA18619","CHB","AA"
"168","NA18620","CHB","AA"
"169","NA18621","CHB","AA"
"170","NA18622","CHB","AG"
"171","NA18623","CHB","AG"
"172","NA18624","CHB","AA"
"173","NA18625","CHB",NA
"174","NA18626","CHB","AA"
"175","NA18627","CHB","AA"
"176","NA18628","CHB","AG"
"177","NA18629","CHB",NA
"178","NA18630","CHB","AA"
"179","NA18631","CHB","AA"
"180","NA18632","CHB","AA"
"181","NA18633","CHB","AG"
"182","NA18634","CHB","AG"
"183","NA18635","CHB","AG"
"184","NA18636","CHB","AA"
"185","NA18637","CHB","AA"
"186","NA18638","CHB","AA"
"187","NA18639","CHB","AA"
"188","NA18640","CHB","AA"
"189","NA18641","CHB","AG"
"190","NA18642","CHB","AA"
"191","NA18643","CHB","AA"
"192","NA18644","CHB",NA
"193","NA18645","CHB","AA"
"194","NA18646","CHB",NA
"195","NA18647","CHB","AG"
"196","NA18648","CHB",NA
"197","NA18740","CHB","AA"
"198","NA18745","CHB","AA"
"199","NA18747","CHB","AG"
"200","NA18748","CHB","AA"
"201","NA18749","CHB","AA"
"202","NA18757","CHB","AG"
"203","NA18486","YRI","AA"
"204","NA18488","YRI",NA
"205","NA18489","YRI","AA"
"206","NA18499","YRI","AA"
"207","NA18501","YRI","AA"
"208","NA18502","YRI","AA"
"209","NA18504","YRI","AA"
"210","NA18505","YRI","AA"
"211","NA18507","YRI","AA"
"212","NA18508","YRI","AA"
"213","NA18510","YRI","AA"
"214","NA18511","YRI","AG"
"215","NA18516","YRI","AA"
"216","NA18517","YRI","AA"
"217","NA18519","YRI","AA"
"218","NA18520","YRI","AA"
"219","NA18522","YRI","AA"
"220","NA18523","YRI","AA"
"221","NA18853","YRI","AA"
"222","NA18856","YRI","AA"
"223","NA18858","YRI","AA"
"224","NA18861","YRI","AA"
"225","NA18864","YRI",NA
"226","NA18865","YRI",NA
"227","NA18867","YRI","AA"
"228","NA18868","YRI","AA"
"229","NA18870","YRI","AA"
"230","NA18871","YRI","AA"
"231","NA18873","YRI","AA"
"232","NA18874","YRI","AA"
"233","NA18876","YRI",NA
"234","NA18877","YRI",NA
"235","NA18878","YRI",NA
"236","NA18879","YRI",NA
"237","NA18881","YRI",NA
"238","NA18907","YRI","AA"
"239","NA18908","YRI","AA"
"240","NA18909","YRI","AA"
"241","NA18910","YRI","AA"
"242","NA18912","YRI","AA"
"243","NA18915","YRI",NA
"244","NA18916","YRI","AA"
"245","NA18917","YRI","AA"
"246","NA18923","YRI","AA"
"247","NA18924","YRI","AA"
"248","NA18933","YRI","AA"
"249","NA18934","YRI","AA"
"250","NA19092","YRI",NA
"251","NA19093","YRI","AA"
"252","NA19095","YRI","AA"
"253","NA19096","YRI","AA"
"254","NA19098","YRI","AA"
"255","NA19099","YRI","AA"
"256","NA19102","YRI","AA"
"257","NA19107","YRI","AA"
"258","NA19108","YRI","AA"
"259","NA19113","YRI","AA"
"260","NA19114","YRI","AA"
"261","NA19116","YRI","AA"
"262","NA19117","YRI","AA"
"263","NA19118","YRI","AA"
"264","NA19119","YRI","AA"
"265","NA19121","YRI","AA"
"266","NA19129","YRI","AA"
"267","NA19130","YRI","AA"
"268","NA19131","YRI","AA"
"269","NA19137","YRI","AA"
"270","NA19138","YRI","AA"
"271","NA19141","YRI",NA
"272","NA19143","YRI",NA
"273","NA19144","YRI",NA
"274","NA19146","YRI","AA"
"275","NA19147","YRI","AA"
"276","NA19149","YRI","AA"
"277","NA19152","YRI","AA"
"278","NA19153","YRI",NA
"279","NA19159","YRI",NA
"280","NA19160","YRI","AA"
"281","NA19171","YRI","AA"
"282","NA19172","YRI","AA"
"283","NA19175","YRI","AG"
"284","NA19184","YRI",NA
"285","NA19185","YRI","AG"
"286","NA19189","YRI","AA"
"287","NA19190","YRI","AA"
"288","NA19197","YRI","AA"
"289","NA19198","YRI","AA"
"290","NA19200","YRI","AA"
"291","NA19201","YRI",NA
"292","NA19204","YRI","AA"
"293","NA19206","YRI",NA
"294","NA19207","YRI","AA"
"295","NA19209","YRI","AA"
"296","NA19210","YRI",NA
"297","NA19213","YRI","AA"
"298","NA19214","YRI",NA
"299","NA19222","YRI","AA"
"300","NA19223","YRI","AA"
"301","NA19225","YRI","AA"
"302","NA19235","YRI","AA"
"303","NA19236","YRI","AA"
"304","NA19238","YRI",NA
"305","NA19239","YRI",NA
"306","NA19240","YRI",NA
"307","NA19247","YRI","AG"
"308","NA19248","YRI","AA"
"309","NA19256","YRI","AA"
"310","NA19257","YRI","AA"
