"","Sample","Population","rs13361189"
"1","NA06984","CEU","TT"
"2","NA06985","CEU",NA
"3","NA06986","CEU","CT"
"4","NA06989","CEU","TT"
"5","NA06994","CEU","TT"
"6","NA07000","CEU","TT"
"7","NA07037","CEU","TT"
"8","NA07048","CEU","TT"
"9","NA07051","CEU","TT"
"10","NA07056","CEU","TT"
"11","NA07347","CEU","CT"
"12","NA07357","CEU","TT"
"13","NA10847","CEU","TT"
"14","NA10851","CEU","TT"
"15","NA11829","CEU","TT"
"16","NA11830","CEU","TT"
"17","NA11831","CEU","TT"
"18","NA11832","CEU",NA
"19","NA11840","CEU",NA
"20","NA11843","CEU","TT"
"21","NA11881","CEU",NA
"22","NA11892","CEU","TT"
"23","NA11893","CEU","TT"
"24","NA11894","CEU","TT"
"25","NA11918","CEU",NA
"26","NA11919","CEU","TT"
"27","NA11920","CEU","TT"
"28","NA11930","CEU","TT"
"29","NA11931","CEU","TT"
"30","NA11932","CEU","TT"
"31","NA11933","CEU","TT"
"32","NA11992","CEU","TT"
"33","NA11994","CEU","TT"
"34","NA11995","CEU","CT"
"35","NA12003","CEU","TT"
"36","NA12004","CEU","TT"
"37","NA12005","CEU",NA
"38","NA12006","CEU","TT"
"39","NA12043","CEU","TT"
"40","NA12044","CEU","TT"
"41","NA12045","CEU","TT"
"42","NA12046","CEU","TT"
"43","NA12058","CEU","TT"
"44","NA12144","CEU","TT"
"45","NA12154","CEU","TT"
"46","NA12155","CEU","TT"
"47","NA12156","CEU",NA
"48","NA12234","CEU",NA
"49","NA12249","CEU","TT"
"50","NA12272","CEU","TT"
"51","NA12273","CEU","TT"
"52","NA12275","CEU","TT"
"53","NA12282","CEU","TT"
"54","NA12283","CEU","TT"
"55","NA12286","CEU","TT"
"56","NA12287","CEU","CT"
"57","NA12340","CEU","TT"
"58","NA12341","CEU","CT"
"59","NA12342","CEU","CT"
"60","NA12347","CEU","TT"
"61","NA12348","CEU","TT"
"62","NA12383","CEU","TT"
"63","NA12399","CEU","TT"
"64","NA12400","CEU","TT"
"65","NA12413","CEU","CT"
"66","NA12414","CEU",NA
"67","NA12489","CEU","TT"
"68","NA12546","CEU","TT"
"69","NA12716","CEU","TT"
"70","NA12717","CEU","TT"
"71","NA12718","CEU","CT"
"72","NA12748","CEU","TT"
"73","NA12749","CEU","TT"
"74","NA12750","CEU","TT"
"75","NA12751","CEU","TT"
"76","NA12760","CEU",NA
"77","NA12761","CEU","TT"
"78","NA12762","CEU",NA
"79","NA12763","CEU","TT"
"80","NA12775","CEU","TT"
"81","NA12776","CEU",NA
"82","NA12777","CEU","TT"
"83","NA12778","CEU","TT"
"84","NA12812","CEU","TT"
"85","NA12813","CEU",NA
"86","NA12814","CEU","TT"
"87","NA12815","CEU","TT"
"88","NA12827","CEU","TT"
"89","NA12828","CEU",NA
"90","NA12829","CEU","TT"
"91","NA12830","CEU","CT"
"92","NA12842","CEU","TT"
"93","NA12843","CEU","TT"
"94","NA12872","CEU","TT"
"95","NA12873","CEU","TT"
"96","NA12874","CEU","CT"
"97","NA12878","CEU",NA
"98","NA12889","CEU","TT"
"99","NA12890","CEU","TT"
"100","NA18525","CHB","CC"
"101","NA18526","CHB","TT"
"102","NA18528","CHB","CC"
"103","NA18530","CHB","TT"
"104","NA18531","CHB",NA
"105","NA18532","CHB","TT"
"106","NA18533","CHB",NA
"107","NA18534","CHB","CT"
"108","NA18535","CHB","CC"
"109","NA18536","CHB","TT"
"110","NA18537","CHB","CC"
"111","NA18538","CHB","CC"
"112","NA18539","CHB","CC"
"113","NA18541","CHB","TT"
"114","NA18542","CHB","CT"
"115","NA18543","CHB","CT"
"116","NA18544","CHB","TT"
"117","NA18545","CHB","CC"
"118","NA18546","CHB","CT"
"119","NA18547","CHB","CC"
"120","NA18548","CHB","CT"
"121","NA18549","CHB","CT"
"122","NA18550","CHB","CT"
"123","NA18552","CHB","CT"
"124","NA18553","CHB","CT"
"125","NA18555","CHB","CC"
"126","NA18557","CHB","TT"
"127","NA18558","CHB","TT"
"128","NA18559","CHB","CT"
"129","NA18560","CHB","CC"
"130","NA18561","CHB","CT"
"131","NA18562","CHB","CT"
"132","NA18563","CHB","CT"
"133","NA18564","CHB","CT"
"134","NA18565","CHB","CC"
"135","NA18566","CHB","CT"
"136","NA18567","CHB","TT"
"137","NA18570","CHB","CC"
"138","NA18571","CHB","CT"
"139","NA18572","CHB","CC"
"140","NA18573","CHB","CT"
"141","NA18574","CHB","CT"
"142","NA18577","CHB","TT"
"143","NA18579","CHB","TT"
"144","NA18582","CHB","TT"
"145","NA18591","CHB",NA
"146","NA18592","CHB","TT"
"147","NA18593","CHB","CT"
"148","NA18595","CHB","CT"
"149","NA18596","CHB","CC"
"150","NA18597","CHB","CT"
"151","NA18599","CHB","TT"
"152","NA18602","CHB","CT"
"153","NA18603","CHB","TT"
"154","NA18605","CHB","CC"
"155","NA18606","CHB","CC"
"156","NA18608","CHB","TT"
"157","NA18609","CHB","CT"
"158","NA18610","CHB","CT"
"159","NA18611","CHB","CT"
"160","NA18612","CHB","CT"
"161","NA18613","CHB","CT"
"162","NA18614","CHB","TT"
"163","NA18615","CHB","TT"
"164","NA18616","CHB","TT"
"165","NA18617","CHB","CT"
"166","NA18618","CHB","CT"
"167","NA18619","CHB","CT"
"168","NA18620","CHB","TT"
"169","NA18621","CHB","TT"
"170","NA18622","CHB","CT"
"171","NA18623","CHB","CT"
"172","NA18624","CHB","CT"
"173","NA18625","CHB",NA
"174","NA18626","CHB","CT"
"175","NA18627","CHB","TT"
"176","NA18628","CHB","TT"
"177","NA18629","CHB",NA
"178","NA18630","CHB","CC"
"179","NA18631","CHB","CT"
"180","NA18632","CHB","CT"
"181","NA18633","CHB","TT"
"182","NA18634","CHB","TT"
"183","NA18635","CHB","CT"
"184","NA18636","CHB","TT"
"185","NA18637","CHB","CT"
"186","NA18638","CHB","CC"
"187","NA18639","CHB","TT"
"188","NA18640","CHB","CT"
"189","NA18641","CHB","CT"
"190","NA18642","CHB","TT"
"191","NA18643","CHB","CT"
"192","NA18644","CHB",NA
"193","NA18645","CHB","CT"
"194","NA18646","CHB",NA
"195","NA18647","CHB","CT"
"196","NA18648","CHB",NA
"197","NA18740","CHB","CT"
"198","NA18745","CHB","CT"
"199","NA18747","CHB","TT"
"200","NA18748","CHB","CT"
"201","NA18749","CHB","CT"
"202","NA18757","CHB","TT"
"203","NA18486","YRI","CT"
"204","NA18488","YRI",NA
"205","NA18489","YRI","CT"
"206","NA18499","YRI","CC"
"207","NA18501","YRI","CT"
"208","NA18502","YRI","CC"
"209","NA18504","YRI","CT"
"210","NA18505","YRI","CT"
"211","NA18507","YRI","TT"
"212","NA18508","YRI","TT"
"213","NA18510","YRI","CT"
"214","NA18511","YRI","CT"
"215","NA18516","YRI","CC"
"216","NA18517","YRI","CT"
"217","NA18519","YRI","CT"
"218","NA18520","YRI","CC"
"219","NA18522","YRI","CT"
"220","NA18523","YRI","CT"
"221","NA18853","YRI","CT"
"222","NA18856","YRI","CC"
"223","NA18858","YRI","CT"
"224","NA18861","YRI","CT"
"225","NA18864","YRI",NA
"226","NA18865","YRI",NA
"227","NA18867","YRI","CC"
"228","NA18868","YRI","TT"
"229","NA18870","YRI","TT"
"230","NA18871","YRI","CT"
"231","NA18873","YRI","CC"
"232","NA18874","YRI","CC"
"233","NA18876","YRI",NA
"234","NA18877","YRI",NA
"235","NA18878","YRI",NA
"236","NA18879","YRI",NA
"237","NA18881","YRI",NA
"238","NA18907","YRI","CT"
"239","NA18908","YRI","TT"
"240","NA18909","YRI","CC"
"241","NA18910","YRI","CC"
"242","NA18912","YRI","CT"
"243","NA18915","YRI",NA
"244","NA18916","YRI","CT"
"245","NA18917","YRI","CT"
"246","NA18923","YRI","CT"
"247","NA18924","YRI","CT"
"248","NA18933","YRI","TT"
"249","NA18934","YRI","CT"
"250","NA19092","YRI",NA
"251","NA19093","YRI","CC"
"252","NA19095","YRI","CT"
"253","NA19096","YRI","CT"
"254","NA19098","YRI","CC"
"255","NA19099","YRI","CT"
"256","NA19102","YRI","CT"
"257","NA19107","YRI","CT"
"258","NA19108","YRI","CC"
"259","NA19113","YRI","CT"
"260","NA19114","YRI","CC"
"261","NA19116","YRI","CT"
"262","NA19117","YRI","TT"
"263","NA19118","YRI","TT"
"264","NA19119","YRI","CC"
"265","NA19121","YRI","CT"
"266","NA19129","YRI","CT"
"267","NA19130","YRI","CC"
"268","NA19131","YRI","CT"
"269","NA19137","YRI","CC"
"270","NA19138","YRI","TT"
"271","NA19141","YRI",NA
"272","NA19143","YRI",NA
"273","NA19144","YRI",NA
"274","NA19146","YRI","CT"
"275","NA19147","YRI","CT"
"276","NA19149","YRI","CT"
"277","NA19152","YRI","CT"
"278","NA19153","YRI",NA
"279","NA19159","YRI",NA
"280","NA19160","YRI","CT"
"281","NA19171","YRI","CC"
"282","NA19172","YRI","CC"
"283","NA19175","YRI","CT"
"284","NA19184","YRI",NA
"285","NA19185","YRI","CC"
"286","NA19189","YRI","CT"
"287","NA19190","YRI","CC"
"288","NA19197","YRI","CT"
"289","NA19198","YRI","CT"
"290","NA19200","YRI","CC"
"291","NA19201","YRI",NA
"292","NA19204","YRI","TT"
"293","NA19206","YRI",NA
"294","NA19207","YRI","CT"
"295","NA19209","YRI","CC"
"296","NA19210","YRI",NA
"297","NA19213","YRI","CT"
"298","NA19214","YRI",NA
"299","NA19222","YRI","CT"
"300","NA19223","YRI","TT"
"301","NA19225","YRI","TT"
"302","NA19235","YRI","CC"
"303","NA19236","YRI","CC"
"304","NA19238","YRI",NA
"305","NA19239","YRI",NA
"306","NA19240","YRI",NA
"307","NA19247","YRI","CT"
"308","NA19248","YRI","CT"
"309","NA19256","YRI","CT"
"310","NA19257","YRI","CT"
